,1,2,3,4,5,6,7,8,9,10,11,12,13,14,15,16,17,18,19,20,21
1,0.12482095509767532,0.12985405325889587,0.13356073200702667,0.12336820363998413,0.12997588515281677,0.12417671829462051,0.12708619236946106,0.12496441602706909,0.12886925041675568,0.12608978152275085,0.1377783566713333,0.12809261679649353,0.130811408162117,0.1525743007659912,0.15405721962451935,0.12221167236566544,0.12866847217082977,0.15087008476257324,0.12013589590787888,0.12597189843654633,0.12634555995464325
2,0.12598071992397308,0.12888787686824799,0.13190799951553345,0.12466810643672943,0.12918351590633392,0.12610122561454773,0.12911812961101532,0.1263769268989563,0.12969569861888885,0.12411379814147949,0.13885998725891113,0.12820206582546234,0.13021674752235413,0.14895112812519073,0.15065744519233704,0.12173248082399368,0.13100817799568176,0.14675363898277283,0.12057924270629883,0.12563449144363403,0.12646307051181793
3,0.12611836194992065,0.13320480287075043,0.13152652978897095,0.12453653663396835,0.12640228867530823,0.12484576553106308,0.12487387657165527,0.12386094033718109,0.12902045249938965,0.12568937242031097,0.15121622383594513,0.12901993095874786,0.12930825352668762,0.14921559393405914,0.15027351677417755,0.12068627774715424,0.1301976591348648,0.15642602741718292,0.11760051548480988,0.1258898377418518,0.13027916848659515
4,0.1256515383720398,0.131150484085083,0.13151195645332336,0.1251281201839447,0.12914161384105682,0.12338043004274368,0.12623125314712524,0.12609153985977173,0.1321365088224411,0.12486379593610764,0.14959761500358582,0.1291452795267105,0.1309778243303299,0.15223626792430878,0.1542748361825943,0.12270019948482513,0.1336468756198883,0.1518840342760086,0.1218969002366066,0.12448564916849136,0.12767797708511353
5,0.12538671493530273,0.1284288614988327,0.1287240833044052,0.12524154782295227,0.12526273727416992,0.12204727530479431,0.12558956444263458,0.1253415048122406,0.12911169230937958,0.12443188577890396,0.13199037313461304,0.13046027719974518,0.12720879912376404,0.14354684948921204,0.16342952847480774,0.12265580147504807,0.13131682574748993,0.14829373359680176,0.11868589371442795,0.12303363531827927,0.1282798796892166
6,0.12350935488939285,0.1295052021741867,0.13200163841247559,0.12522132694721222,0.12725777924060822,0.12460002303123474,0.12267444282770157,0.12490235269069672,0.13116365671157837,0.12507393956184387,0.14495284855365753,0.1302354484796524,0.12822304666042328,0.1484421044588089,0.16210108995437622,0.12059558928012848,0.1323377639055252,0.15028917789459229,0.1205858364701271,0.12504106760025024,0.13108979165554047
7,0.1253376305103302,0.13206595182418823,0.1317538619041443,0.12487521767616272,0.13050112128257751,0.12365623563528061,0.1246287152171135,0.12741810083389282,0.12982288002967834,0.12416774779558182,0.13464045524597168,0.12829430401325226,0.12879244983196259,0.13690482079982758,0.15895353257656097,0.12286388874053955,0.13789485394954681,0.15061317384243011,0.11763026565313339,0.12334615737199783,0.12878279387950897
8,0.12429159879684448,0.1284262239933014,0.12772536277770996,0.12434374541044235,0.12445981800556183,0.12423859536647797,0.1271880865097046,0.1270938515663147,0.12890490889549255,0.1259053647518158,0.13555699586868286,0.12940850853919983,0.1304275542497635,0.12970948219299316,0.16823184490203857,0.1229843869805336,0.13254287838935852,0.15157358348369598,0.12307393550872803,0.1230105385184288,0.12760446965694427
9,0.12506096065044403,0.13095048069953918,0.13069990277290344,0.12514762580394745,0.1292189061641693,0.12468859553337097,0.12666265666484833,0.1273547112941742,0.12630128860473633,0.12519259750843048,0.12932656705379486,0.1289593130350113,0.13251493871212006,0.1387559473514557,0.16528497636318207,0.1248413622379303,0.1319715827703476,0.15271496772766113,0.12122903764247894,0.1238083466887474,0.12866772711277008
10,0.12624789774417877,0.12770867347717285,0.12944313883781433,0.12426374852657318,0.12378641217947006,0.12489797919988632,0.1267261803150177,0.1259593516588211,0.12733176350593567,0.124254509806633,0.13324494659900665,0.13701455295085907,0.12789559364318848,0.1361360400915146,0.1805383712053299,0.1236131340265274,0.12981194257736206,0.13860678672790527,0.120358407497406,0.12365668267011642,0.1309545934200287
11,0.12659281492233276,0.1272372156381607,0.12649841606616974,0.12493407726287842,0.12096892297267914,0.12485627830028534,0.126124307513237,0.12777948379516602,0.12889894843101501,0.12421143054962158,0.13472169637680054,0.1375206857919693,0.12789398431777954,0.12865498661994934,0.16964280605316162,0.12309133261442184,0.13102397322654724,0.1542057991027832,0.1201041117310524,0.1230430006980896,0.13033410906791687
12,0.1269693225622177,0.12755903601646423,0.13097184896469116,0.12549160420894623,0.12488898634910583,0.12385845929384232,0.12489590048789978,0.12662236392498016,0.12669816613197327,0.12433678656816483,0.13552545011043549,0.12894417345523834,0.12661920487880707,0.1333763301372528,0.1924937516450882,0.12405379861593246,0.13869595527648926,0.1467730551958084,0.12180063128471375,0.12463826686143875,0.13105878233909607
13,0.12568524479866028,0.126128152012825,0.12692609429359436,0.12486908584833145,0.1275015026330948,0.12255742400884628,0.12622417509555817,0.1288355141878128,0.12829171121120453,0.12466022372245789,0.13569842278957367,0.13842220604419708,0.128376767039299,0.13172435760498047,0.1886858344078064,0.12429528683423996,0.13732466101646423,0.14231263101100922,0.12193957716226578,0.12456931918859482,0.12871259450912476
14,0.1274782121181488,0.12354660779237747,0.13381415605545044,0.12525580823421478,0.12491840124130249,0.12547634541988373,0.12565676867961884,0.12810847163200378,0.13043873012065887,0.12397459894418716,0.13596117496490479,0.13454650342464447,0.13039107620716095,0.13146202266216278,0.18519455194473267,0.12471240013837814,0.1388181895017624,0.14716453850269318,0.12389981746673584,0.12445995211601257,0.12888556718826294
15,0.12644249200820923,0.12466418743133545,0.12873493134975433,0.1262248307466507,0.1190284863114357,0.12527380883693695,0.1246662512421608,0.129254549741745,0.1292203962802887,0.12546536326408386,0.13284887373447418,0.14021743834018707,0.13000835478305817,0.13284724950790405,0.18127918243408203,0.12370363622903824,0.1297389715909958,0.1429213583469391,0.12204941362142563,0.12572523951530457,0.1259002685546875
16,0.12557268142700195,0.12461795657873154,0.129298135638237,0.1254768967628479,0.12083174288272858,0.12611542642116547,0.12520438432693481,0.13039664924144745,0.12803532183170319,0.12557721138000488,0.13681958615779877,0.13086383044719696,0.12835060060024261,0.13312062621116638,0.18590815365314484,0.12429805845022202,0.13696198165416718,0.14348259568214417,0.12025174498558044,0.1243802160024643,0.1273580938577652
17,0.12340784817934036,0.12413692474365234,0.12648779153823853,0.12447535246610641,0.1208021342754364,0.1255042403936386,0.12634815275669098,0.1342119574546814,0.12991084158420563,0.12529028952121735,0.14052991569042206,0.1288444846868515,0.1269637793302536,0.13249720633029938,0.18775637447834015,0.12379945814609528,0.13298581540584564,0.14331406354904175,0.11961971968412399,0.12448696047067642,0.129520446062088
18,0.1261763721704483,0.1254682093858719,0.12569762766361237,0.12497915327548981,0.12103282660245895,0.12487565726041794,0.12561726570129395,0.1307736486196518,0.12802723050117493,0.12494119256734848,0.14251479506492615,0.1357518881559372,0.12822815775871277,0.13448907434940338,0.21865898370742798,0.12398961931467056,0.13330473005771637,0.15065833926200867,0.12227515876293182,0.12596280872821808,0.1265663057565689
19,0.12554076313972473,0.12514999508857727,0.12736569344997406,0.1256408542394638,0.12239556014537811,0.12694858014583588,0.12331104278564453,0.13385094702243805,0.12861843407154083,0.12515901029109955,0.13216052949428558,0.1373916119337082,0.12819993495941162,0.1300511360168457,0.2161044329404831,0.12311695516109467,0.1343899816274643,0.1477997899055481,0.12128132581710815,0.12430758029222488,0.1272173821926117
20,0.12249602377414703,0.1252359300851822,0.12652111053466797,0.12611889839172363,0.12450820952653885,0.12645472586154938,0.12550419569015503,0.13328677415847778,0.1284046769142151,0.12452208995819092,0.14185155928134918,0.13424468040466309,0.12641827762126923,0.13102751970291138,0.20000602304935455,0.12497838586568832,0.13541048765182495,0.15610595047473907,0.12165338546037674,0.1263418048620224,0.12826745212078094
21,0.12316678464412689,0.12455767393112183,0.13128218054771423,0.12599457800388336,0.12230567634105682,0.12643387913703918,0.12562531232833862,0.1303282529115677,0.12614884972572327,0.12519268691539764,0.13827770948410034,0.12992267310619354,0.12913955748081207,0.12981045246124268,0.19093939661979675,0.1242733746767044,0.13415716588497162,0.14920005202293396,0.12052536755800247,0.1255524456501007,0.1292550265789032
22,0.12365622073411942,0.12564469873905182,0.12964759767055511,0.12556429207324982,0.12473730742931366,0.12579165399074554,0.1263229250907898,0.13316704332828522,0.12748822569847107,0.12439088523387909,0.1325332671403885,0.14047187566757202,0.12722288072109222,0.13191021978855133,0.22029747068881989,0.1230788454413414,0.1298656016588211,0.1487158238887787,0.12148469686508179,0.12467595934867859,0.1272411197423935
23,0.12392117828130722,0.1264689564704895,0.12921996414661407,0.12629008293151855,0.12069999426603317,0.12590719759464264,0.1291566640138626,0.1345473676919937,0.12683448195457458,0.1254994124174118,0.1446746289730072,0.13691644370555878,0.12664154171943665,0.12609775364398956,0.2145756632089615,0.12398864328861237,0.13101671636104584,0.1381794661283493,0.12088064104318619,0.12211067229509354,0.12781062722206116
24,0.12198735773563385,0.12516368925571442,0.1307315081357956,0.1262504905462265,0.12459930032491684,0.12560546398162842,0.12613068521022797,0.13642339408397675,0.12642304599285126,0.12477096915245056,0.14228349924087524,0.1306518316268921,0.12795209884643555,0.13382811844348907,0.22642982006072998,0.12404336035251617,0.13110999763011932,0.14552690088748932,0.1204909086227417,0.1264098584651947,0.13032996654510498
25,0.1253480464220047,0.12461289018392563,0.12786616384983063,0.12635426223278046,0.12479636818170547,0.1259356141090393,0.12616045773029327,0.13772329688072205,0.12912210822105408,0.12417668849229813,0.13728904724121094,0.1396339237689972,0.1287233531475067,0.1363537460565567,0.23530921339988708,0.12434013932943344,0.12969408929347992,0.15137802064418793,0.12227069586515427,0.1260880082845688,0.1268099993467331
26,0.12556785345077515,0.12616515159606934,0.12918022274971008,0.12588098645210266,0.12240394204854965,0.12625464797019958,0.12502077221870422,0.1362866461277008,0.12687358260154724,0.12382914870977402,0.13896365463733673,0.13369092345237732,0.12884871661663055,0.1333833783864975,0.21174125373363495,0.12423253059387207,0.1281265914440155,0.148096963763237,0.12184306234121323,0.12371129542589188,0.1274006962776184
27,0.12483205646276474,0.12456201016902924,0.13014793395996094,0.12617047131061554,0.12136618047952652,0.12848812341690063,0.1246371641755104,0.14242903888225555,0.12591402232646942,0.12393949180841446,0.1388881355524063,0.14055457711219788,0.12646661698818207,0.14628419280052185,0.18749600648880005,0.12504006922245026,0.13097652792930603,0.13985036313533783,0.12194419652223587,0.12462954968214035,0.12654484808444977
28,0.12334781140089035,0.12542812526226044,0.12760905921459198,0.12622249126434326,0.12061972171068192,0.12737472355365753,0.12400355935096741,0.13896434009075165,0.12890668213367462,0.12403707206249237,0.1420653760433197,0.1280660480260849,0.1278398483991623,0.14407582581043243,0.22615700960159302,0.12429927289485931,0.12951302528381348,0.14306926727294922,0.12321978062391281,0.12345706671476364,0.12874093651771545
29,0.12318820506334305,0.1244586929678917,0.1284598559141159,0.12614354491233826,0.1211588904261589,0.12445534765720367,0.12579169869422913,0.13457944989204407,0.12708282470703125,0.123555988073349,0.1437545120716095,0.13111670315265656,0.1274440735578537,0.15483222901821136,0.2520211338996887,0.12320880591869354,0.12820199131965637,0.13843460381031036,0.12382803857326508,0.1230049803853035,0.12543900310993195
30,0.12206987291574478,0.12435495108366013,0.1276557594537735,0.1257687211036682,0.12155139446258545,0.12508180737495422,0.12554191052913666,0.13073399662971497,0.12738046050071716,0.12355352193117142,0.14205460250377655,0.1289798468351364,0.12617048621177673,0.13467669486999512,0.2276446521282196,0.12386662513017654,0.13016377389431,0.136397123336792,0.11803825944662094,0.12273979187011719,0.12575595080852509
31,0.1228305920958519,0.12495017796754837,0.12783358991146088,0.12604020535945892,0.12319081276655197,0.12835554778575897,0.12633752822875977,0.1307244449853897,0.12952478229999542,0.12397175282239914,0.13842304050922394,0.12694168090820312,0.12607046961784363,0.14776521921157837,0.23788653314113617,0.12356558442115784,0.12921223044395447,0.13550740480422974,0.11992942541837692,0.12344997376203537,0.1261700689792633
32,0.12342794239521027,0.12568646669387817,0.12394694238901138,0.12630563974380493,0.1236630380153656,0.12447314709424973,0.12581682205200195,0.1277814656496048,0.1278248131275177,0.12458649277687073,0.13295592367649078,0.12832657992839813,0.12575621902942657,0.13430668413639069,0.1918346881866455,0.12477537989616394,0.1280575692653656,0.1380913257598877,0.11918284744024277,0.12100786715745926,0.1273697465658188
33,0.12135282903909683,0.1239686831831932,0.1267170011997223,0.12589916586875916,0.12363437563180923,0.1258639246225357,0.1259063333272934,0.12997058033943176,0.12938472628593445,0.12287835031747818,0.13343867659568787,0.1279885172843933,0.1259363442659378,0.13276268541812897,0.1945490837097168,0.12401056289672852,0.12875212728977203,0.13571210205554962,0.12299718707799911,0.12156066298484802,0.12699981033802032
34,0.12122919410467148,0.12435194849967957,0.1303718388080597,0.12627339363098145,0.12369653582572937,0.12563379108905792,0.12825913727283478,0.12770976126194,0.12680694460868835,0.12311012297868729,0.13331258296966553,0.1288243681192398,0.126499742269516,0.141383096575737,0.21901151537895203,0.1242956891655922,0.12812457978725433,0.1332399696111679,0.11977044492959976,0.12289589643478394,0.1266057938337326
35,0.12601573765277863,0.12502644956111908,0.12539297342300415,0.12477559596300125,0.12280774116516113,0.12354599684476852,0.12843728065490723,0.1302470564842224,0.12821553647518158,0.12497463822364807,0.13755421340465546,0.12720784544944763,0.12578585743904114,0.13529767096042633,0.2656940817832947,0.12403764575719833,0.1292470395565033,0.13546203076839447,0.11898589134216309,0.12323606014251709,0.1248430386185646
36,0.12132927030324936,0.12336187809705734,0.12740321457386017,0.12607374787330627,0.12305931746959686,0.12770690023899078,0.12791334092617035,0.1273377239704132,0.12853401899337769,0.12393869459629059,0.13563816249370575,0.12857136130332947,0.1265326589345932,0.1265915334224701,0.2609163224697113,0.1236165314912796,0.12734122574329376,0.1337537318468094,0.12267342209815979,0.12322409451007843,0.1271304339170456
37,0.12533864378929138,0.12588272988796234,0.1263241320848465,0.12632408738136292,0.12125533074140549,0.1241762638092041,0.12521810829639435,0.13002653419971466,0.12743042409420013,0.12225808948278427,0.13606660068035126,0.12946264445781708,0.1250201016664505,0.1339591145515442,0.25745731592178345,0.12458904832601547,0.12963515520095825,0.13277120888233185,0.1221822202205658,0.12224208563566208,0.12561607360839844
38,0.12330673635005951,0.12405989319086075,0.12970028817653656,0.12523780763149261,0.1235724613070488,0.1259797066450119,0.1256311684846878,0.13139785826206207,0.12818536162376404,0.12407021224498749,0.13903017342090607,0.1288978010416031,0.12701968848705292,0.12455572187900543,0.2473057359457016,0.1247144490480423,0.1270039975643158,0.13473911583423615,0.12355921417474747,0.12473651766777039,0.1245548352599144
39,0.1245359480381012,0.12389122694730759,0.12696832418441772,0.12634120881557465,0.12380444258451462,0.1255521923303604,0.13048021495342255,0.1279122531414032,0.1270579695701599,0.12314805388450623,0.13323691487312317,0.12881459295749664,0.12576332688331604,0.13193824887275696,0.20523707568645477,0.1238110139966011,0.12957142293453217,0.13618789613246918,0.12031208723783493,0.12213336676359177,0.12486803531646729
40,0.11945878714323044,0.12495763599872589,0.1276763677597046,0.1260799914598465,0.12612690031528473,0.12598752975463867,0.1277036964893341,0.12956903874874115,0.12919166684150696,0.12246517837047577,0.13246974349021912,0.12592710554599762,0.12723559141159058,0.13522429764270782,0.23851048946380615,0.1230705976486206,0.12804535031318665,0.13468123972415924,0.12104073911905289,0.12220525741577148,0.12703967094421387
41,0.12155324965715408,0.12457163631916046,0.12815013527870178,0.12635695934295654,0.12491590529680252,0.12649326026439667,0.12771300971508026,0.1315550059080124,0.12648537755012512,0.12305880337953568,0.13065896928310394,0.13075169920921326,0.12509816884994507,0.13077819347381592,0.23340003192424774,0.12462382018566132,0.12962201237678528,0.13514381647109985,0.12309686094522476,0.12310489267110825,0.12750977277755737
42,0.12047719955444336,0.12542176246643066,0.12920604646205902,0.12681858241558075,0.12684299051761627,0.12656469643115997,0.12831036746501923,0.1316528469324112,0.12736468017101288,0.12213125824928284,0.13277435302734375,0.1271630972623825,0.12620505690574646,0.13318151235580444,0.2111109048128128,0.12416476756334305,0.13184373080730438,0.13816645741462708,0.12200452387332916,0.12237881124019623,0.12645764648914337
43,0.12258592993021011,0.12336672842502594,0.12948192656040192,0.12628458440303802,0.12685135006904602,0.12381122261285782,0.12683415412902832,0.1301403045654297,0.12734046578407288,0.12304282188415527,0.13137619197368622,0.13093413412570953,0.12597185373306274,0.13127700984477997,0.21261470019817352,0.12475801259279251,0.12992185354232788,0.13549672067165375,0.1203698143362999,0.1231776624917984,0.12785497307777405
44,0.1250469982624054,0.12398550659418106,0.12862858176231384,0.12608131766319275,0.12564286589622498,0.12558062374591827,0.125274196267128,0.13058175146579742,0.12805217504501343,0.12393196672201157,0.13052234053611755,0.1279572993516922,0.12688718736171722,0.1382330060005188,0.23617736995220184,0.12449697405099869,0.1302136927843094,0.1410345584154129,0.12347123771905899,0.12410645931959152,0.12646706402301788
45,0.1240045428276062,0.126284658908844,0.12663468718528748,0.1252225786447525,0.12471965700387955,0.12554433941841125,0.12781761586666107,0.13158977031707764,0.12766872346401215,0.12377576529979706,0.13387031853199005,0.12820178270339966,0.12758611142635345,0.13161614537239075,0.25663116574287415,0.12405328452587128,0.12834599614143372,0.14006586372852325,0.12352481484413147,0.12312466651201248,0.12658601999282837
46,0.12054804712533951,0.1249217763543129,0.1269158571958542,0.12553386390209198,0.12381751835346222,0.12732665240764618,0.12907329201698303,0.12859167158603668,0.12717582285404205,0.12363271415233612,0.13264741003513336,0.12615959346294403,0.1260075867176056,0.12944772839546204,0.25670281052589417,0.12259616702795029,0.12790964543819427,0.14763981103897095,0.12533129751682281,0.12450525164604187,0.1279601901769638
47,0.12404012680053711,0.12520772218704224,0.1287955939769745,0.12539304792881012,0.12324424833059311,0.1258046180009842,0.12737809121608734,0.1277189403772354,0.1291637271642685,0.12383174896240234,0.14041085541248322,0.12780414521694183,0.12640279531478882,0.13414227962493896,0.24146457016468048,0.12368954718112946,0.12877650558948517,0.13429760932922363,0.12474019825458527,0.12216292321681976,0.12747666239738464
48,0.1205839216709137,0.12650166451931,0.12863028049468994,0.1266806572675705,0.12781839072704315,0.1252109259366989,0.12811268866062164,0.12824255228042603,0.1275629997253418,0.12364021688699722,0.13013163208961487,0.12633149325847626,0.1257762759923935,0.1339857131242752,0.22481326758861542,0.12458046525716782,0.13018904626369476,0.13781264424324036,0.1245032399892807,0.12555138766765594,0.12516120076179504
49,0.12082277238368988,0.12397957593202591,0.1268562525510788,0.12587419152259827,0.12405433505773544,0.12707750499248505,0.12851040065288544,0.1309419870376587,0.12635400891304016,0.12466876953840256,0.13578543066978455,0.12492648512125015,0.12505704164505005,0.13567906618118286,0.2508142590522766,0.12246034294366837,0.12893624603748322,0.13947926461696625,0.12706750631332397,0.12397594004869461,0.1278260350227356
50,0.11968214809894562,0.1261615753173828,0.12825103104114532,0.1258309781551361,0.12317802757024765,0.12487491220235825,0.12758606672286987,0.12775318324565887,0.12955504655838013,0.12490411847829819,0.13480252027511597,0.12899479269981384,0.12630097568035126,0.13269557058811188,0.22367650270462036,0.12412219494581223,0.13003301620483398,0.14621518552303314,0.12400522828102112,0.12231109291315079,0.12522560358047485
51,0.12384501844644547,0.12544015049934387,0.1254449188709259,0.12680205702781677,0.12424659729003906,0.12650631368160248,0.12793833017349243,0.1264171153306961,0.12683409452438354,0.124288409948349,0.14225681126117706,0.12861573696136475,0.12527334690093994,0.13005678355693817,0.2187717705965042,0.12369275838136673,0.13005954027175903,0.15043722093105316,0.12435866892337799,0.12430518120527267,0.126076340675354
52,0.12095091491937637,0.12774856388568878,0.12813700735569,0.12570321559906006,0.1212298572063446,0.12281554937362671,0.1277129203081131,0.13115152716636658,0.12852448225021362,0.122916579246521,0.13440950214862823,0.12810833752155304,0.12430965155363083,0.13332562148571014,0.24675071239471436,0.123079314827919,0.12771567702293396,0.151740163564682,0.12200694531202316,0.12366008758544922,0.12860116362571716
53,0.12080597877502441,0.12581279873847961,0.12844428420066833,0.1258205622434616,0.12380243092775345,0.1253829449415207,0.12964822351932526,0.12761926651000977,0.1284843385219574,0.12439586222171783,0.13206185400485992,0.12971170246601105,0.12503944337368011,0.13056063652038574,0.2580256164073944,0.12432055920362473,0.12778793275356293,0.14489121735095978,0.12322907149791718,0.12423275411128998,0.12537050247192383
54,0.1199265643954277,0.12552738189697266,0.12826117873191833,0.12534640729427338,0.12346214056015015,0.12565478682518005,0.12689851224422455,0.12534241378307343,0.12738262116909027,0.12397953122854233,0.13158702850341797,0.12780719995498657,0.12481973320245743,0.1338641196489334,0.23615846037864685,0.12165388464927673,0.12732957303524017,0.14287059009075165,0.12323395162820816,0.12556181848049164,0.12611845135688782
55,0.12174291163682938,0.12550735473632812,0.12601473927497864,0.1261189579963684,0.12300150841474533,0.12351434677839279,0.12753675878047943,0.12985365092754364,0.12664198875427246,0.12427879124879837,0.1363305002450943,0.12907584011554718,0.1246015727519989,0.12408416718244553,0.24184241890907288,0.12370118498802185,0.1277715414762497,0.13946236670017242,0.12313046306371689,0.12390065938234329,0.12534862756729126
56,0.12294184416532516,0.12448754906654358,0.12875328958034515,0.12590214610099792,0.12673979997634888,0.1251993179321289,0.12778311967849731,0.12927503883838654,0.1269349753856659,0.1244506984949112,0.13870343565940857,0.12941832840442657,0.12536406517028809,0.13023336231708527,0.24254250526428223,0.12283708155155182,0.12682181596755981,0.1421443521976471,0.1225791722536087,0.12337341159582138,0.12592843174934387
57,0.121620312333107,0.12508565187454224,0.13314761221408844,0.1256633698940277,0.12335697561502457,0.12420503050088882,0.1273602843284607,0.1302061676979065,0.12909960746765137,0.12465133517980576,0.14003725349903107,0.1276337206363678,0.12386831641197205,0.13271361589431763,0.2371307760477066,0.12268471717834473,0.12626299262046814,0.14280591905117035,0.12221569567918777,0.12549138069152832,0.1281932294368744
58,0.11707402765750885,0.1251526176929474,0.13001200556755066,0.1251026839017868,0.12414517998695374,0.1261809915304184,0.12803979218006134,0.12939508259296417,0.12658920884132385,0.1246652603149414,0.1337411254644394,0.13000601530075073,0.12445233762264252,0.13143174350261688,0.25790297985076904,0.12253794074058533,0.12948627769947052,0.1499020904302597,0.12051902711391449,0.12430573999881744,0.12747614085674286
59,0.12135186046361923,0.1252787709236145,0.12998011708259583,0.12552879750728607,0.12404129654169083,0.12503036856651306,0.12777070701122284,0.12888069450855255,0.12794578075408936,0.1245039701461792,0.1345847249031067,0.12846387922763824,0.12462756037712097,0.1377023607492447,0.2602044343948364,0.12299830466508865,0.12951704859733582,0.14571736752986908,0.12189807742834091,0.12355583161115646,0.12543298304080963
60,0.12073252350091934,0.12581025063991547,0.1277107447385788,0.12477102875709534,0.12474693357944489,0.12420681864023209,0.12888137996196747,0.1302538961172104,0.12733355164527893,0.12363910675048828,0.1325700283050537,0.12656272947788239,0.12528006732463837,0.1290883868932724,0.24312154948711395,0.123360775411129,0.1266012042760849,0.13308382034301758,0.12028732895851135,0.12317045032978058,0.12663206458091736
61,0.12324749678373337,0.12682121992111206,0.13128240406513214,0.12552393972873688,0.1186017319560051,0.12320079654455185,0.1266743242740631,0.12463756650686264,0.1272144615650177,0.1238078698515892,0.13290099799633026,0.126956969499588,0.12518619000911713,0.13122859597206116,0.22458705306053162,0.12398571521043777,0.12794490158557892,0.1356319934129715,0.12215837836265564,0.12506568431854248,0.12716487050056458
62,0.12272552400827408,0.12447752803564072,0.12778118252754211,0.12578418850898743,0.12314760684967041,0.12465912848711014,0.12611868977546692,0.12866248190402985,0.1271102875471115,0.12374856323003769,0.13482367992401123,0.1274522989988327,0.12493479251861572,0.13140752911567688,0.22833609580993652,0.12259527295827866,0.12772123515605927,0.1322220265865326,0.12448523938655853,0.12455249577760696,0.1276627629995346
63,0.1179487481713295,0.12497320771217346,0.1324855387210846,0.12553170323371887,0.1223951131105423,0.12498029321432114,0.12632741034030914,0.12947522103786469,0.12734374403953552,0.12432711571455002,0.13223613798618317,0.12857972085475922,0.12443900853395462,0.13294588029384613,0.25148916244506836,0.1247628927230835,0.12699167430400848,0.14061149954795837,0.12278955429792404,0.12455512583255768,0.12778979539871216
64,0.11712558567523956,0.1259804368019104,0.13069820404052734,0.1255754828453064,0.12176631391048431,0.12507635354995728,0.12589968740940094,0.12679098546504974,0.1266232430934906,0.12431404739618301,0.13418325781822205,0.12924465537071228,0.1256512850522995,0.13710252940654755,0.2180994749069214,0.12185244262218475,0.12831871211528778,0.13994692265987396,0.12258049845695496,0.12434230744838715,0.12534154951572418
65,0.11607877165079117,0.12478191405534744,0.13160204887390137,0.126108318567276,0.12277225404977798,0.1243738904595375,0.12489984184503555,0.13022544980049133,0.12809748947620392,0.12356571853160858,0.12871310114860535,0.1288444846868515,0.12404557317495346,0.13558141887187958,0.2622483968734741,0.12318708002567291,0.12819264829158783,0.13738805055618286,0.12108170986175537,0.12298339605331421,0.1275186389684677
66,0.1219911202788353,0.12585687637329102,0.12782132625579834,0.12549974024295807,0.12015780061483383,0.12393315881490707,0.12723977863788605,0.1268536001443863,0.12922833859920502,0.12568239867687225,0.1319846361875534,0.1325245499610901,0.12450988590717316,0.13137780129909515,0.2186359018087387,0.12342948466539383,0.12838861346244812,0.13275742530822754,0.1221957579255104,0.12368972599506378,0.1271228790283203
67,0.11911591142416,0.1260288655757904,0.1304473578929901,0.12533840537071228,0.11946066468954086,0.12300790846347809,0.12670674920082092,0.12911084294319153,0.12711220979690552,0.1231798529624939,0.13075298070907593,0.13403314352035522,0.12471387535333633,0.13259556889533997,0.2225954383611679,0.12310557812452316,0.12906400859355927,0.13791783154010773,0.12218175828456879,0.12558001279830933,0.12619027495384216
68,0.12073852121829987,0.12542790174484253,0.1270916610956192,0.12474951148033142,0.12425325810909271,0.12644852697849274,0.12644901871681213,0.12874513864517212,0.12727348506450653,0.1235533133149147,0.13005784153938293,0.12961414456367493,0.12526436150074005,0.12867549061775208,0.20615872740745544,0.12389770150184631,0.12876588106155396,0.13423976302146912,0.1240367591381073,0.12471060454845428,0.12758155167102814
69,0.12176258116960526,0.12532185018062592,0.12644414603710175,0.12557737529277802,0.11720052361488342,0.12557686865329742,0.1279202252626419,0.13129013776779175,0.12638039886951447,0.1244274377822876,0.13107436895370483,0.13318198919296265,0.12584038078784943,0.1301264613866806,0.2329673320055008,0.12272242456674576,0.1269463449716568,0.13661061227321625,0.12121404707431793,0.1236053928732872,0.1267031580209732
70,0.11758145689964294,0.12453662604093552,0.12967263162136078,0.12616030871868134,0.11803809553384781,0.12657465040683746,0.12498912215232849,0.13190139830112457,0.12784959375858307,0.12344031035900116,0.13473302125930786,0.12823905050754547,0.12347172200679779,0.13390837609767914,0.22431066632270813,0.12480299919843674,0.12765872478485107,0.1386421173810959,0.12276766449213028,0.12478514760732651,0.12547177076339722
71,0.11907680332660675,0.1255885511636734,0.13121910393238068,0.12537766993045807,0.11570405960083008,0.12414685636758804,0.12803202867507935,0.12654875218868256,0.12794485688209534,0.12399232387542725,0.12923462688922882,0.13480223715305328,0.12505757808685303,0.1319311112165451,0.20482181012630463,0.12275386601686478,0.12834234535694122,0.13608504831790924,0.11960417777299881,0.12337499111890793,0.128733828663826
72,0.12162216752767563,0.12547777593135834,0.1314406543970108,0.1251000612974167,0.12046085298061371,0.12783902883529663,0.12506988644599915,0.13082855939865112,0.12661755084991455,0.12390594184398651,0.1378188282251358,0.12795661389827728,0.12448301166296005,0.12671057879924774,0.19241327047348022,0.12302998453378677,0.12724116444587708,0.13724130392074585,0.12124999612569809,0.12333802133798599,0.12899596989154816
73,0.1224324032664299,0.12632733583450317,0.13020163774490356,0.12539590895175934,0.11883719265460968,0.12194985896348953,0.1256083995103836,0.12997707724571228,0.12729565799236298,0.12465067952871323,0.13091419637203217,0.1275155395269394,0.12550796568393707,0.12849006056785583,0.2199864536523819,0.12251076102256775,0.12873350083827972,0.13384801149368286,0.12339280545711517,0.1246679499745369,0.12814821302890778
74,0.11543919146060944,0.12555170059204102,0.13203099370002747,0.12614594399929047,0.12407946586608887,0.12405870109796524,0.12644709646701813,0.12901462614536285,0.12736783921718597,0.12384700775146484,0.14001014828681946,0.13051478564739227,0.12528005242347717,0.1312638521194458,0.21363680064678192,0.12155451625585556,0.12729693949222565,0.13794970512390137,0.12346359342336655,0.12445712089538574,0.1274801641702652
75,0.12244607508182526,0.1269858479499817,0.12859393656253815,0.12558135390281677,0.11695979535579681,0.12502774596214294,0.12465044856071472,0.12884323298931122,0.12743523716926575,0.12424766272306442,0.13671062886714935,0.12958118319511414,0.12519320845603943,0.12983596324920654,0.1790420562028885,0.12183356285095215,0.1273709386587143,0.13734397292137146,0.12264365702867508,0.12276504933834076,0.12662214040756226
76,0.11556394398212433,0.12421687692403793,0.12934018671512604,0.12588408589363098,0.12112519890069962,0.12432866543531418,0.12532539665699005,0.12900711596012115,0.12604282796382904,0.12442803382873535,0.13582061231136322,0.13563363254070282,0.12502434849739075,0.12732739746570587,0.1828986555337906,0.1227930411696434,0.1265888512134552,0.13372553884983063,0.12355506420135498,0.12493719905614853,0.1266489028930664
77,0.11826026439666748,0.12657740712165833,0.12941284477710724,0.12524965405464172,0.12155580520629883,0.12592832744121552,0.12545336782932281,0.1264580339193344,0.1267639696598053,0.12331383675336838,0.13438135385513306,0.12870201468467712,0.12511998414993286,0.12857215106487274,0.17481888830661774,0.12284597009420395,0.12696878612041473,0.1340589076280594,0.12331635504961014,0.12316939234733582,0.1279917061328888
78,0.12086396664381027,0.1250849813222885,0.13328389823436737,0.125104621052742,0.12157876789569855,0.12492065876722336,0.12751834094524384,0.12539389729499817,0.1279602348804474,0.12494712322950363,0.13311302661895752,0.13694514334201813,0.12638817727565765,0.12344922870397568,0.1886667013168335,0.12415618449449539,0.12668728828430176,0.1331879049539566,0.12325896322727203,0.12343122065067291,0.1245211511850357
79,0.11534731835126877,0.12450754642486572,0.12695331871509552,0.1257437914609909,0.12005510926246643,0.1247459203004837,0.1268158257007599,0.12643708288669586,0.12632225453853607,0.12534743547439575,0.13659146428108215,0.13187013566493988,0.12421435862779617,0.12594662606716156,0.1845850944519043,0.12170258909463882,0.1267988532781601,0.13281749188899994,0.12084300816059113,0.12292342633008957,0.12812255322933197
80,0.1250169426202774,0.12558938562870026,0.12968340516090393,0.12579767405986786,0.12094034254550934,0.12410920858383179,0.12614865601062775,0.1255566030740738,0.12635773420333862,0.12368360906839371,0.13664285838603973,0.13472020626068115,0.12546178698539734,0.12473148107528687,0.19273070991039276,0.12264211475849152,0.126736581325531,0.1358744204044342,0.12141658365726471,0.12311506271362305,0.12923404574394226
81,0.11971896141767502,0.12623533606529236,0.13079972565174103,0.1257333904504776,0.11858940869569778,0.1271003931760788,0.12770816683769226,0.12731991708278656,0.12678402662277222,0.12303631752729416,0.13832706212997437,0.1301426738500595,0.1255967915058136,0.12814754247665405,0.19567161798477173,0.12192339450120926,0.12649115920066833,0.13079968094825745,0.12116467207670212,0.12468547374010086,0.12820331752300262
82,0.11586247384548187,0.12647563219070435,0.1303243190050125,0.12495574355125427,0.11996376514434814,0.12501773238182068,0.12472464889287949,0.1286332756280899,0.12760654091835022,0.12321032583713531,0.1330067664384842,0.12994955480098724,0.1243651732802391,0.12944234907627106,0.1935897171497345,0.12213156372308731,0.1255050003528595,0.13350807130336761,0.12301120162010193,0.12102748453617096,0.12765362858772278
83,0.11646384000778198,0.1264185905456543,0.12978635728359222,0.1259332001209259,0.12306651473045349,0.12470445036888123,0.1270112246274948,0.12833745777606964,0.12576940655708313,0.12401442974805832,0.1350557655096054,0.129473015666008,0.12459394335746765,0.13037161529064178,0.18803198635578156,0.12393246591091156,0.12614209949970245,0.13482722640037537,0.11934317648410797,0.12448424100875854,0.12654633820056915
84,0.12090955674648285,0.12521594762802124,0.12820573151111603,0.1249622106552124,0.1219291165471077,0.12407324463129044,0.12693819403648376,0.1310819536447525,0.12578456103801727,0.12466226518154144,0.13305315375328064,0.12870930135250092,0.12566010653972626,0.1289851814508438,0.17387746274471283,0.12089923769235611,0.1271435022354126,0.1310279220342636,0.12107723951339722,0.12318199127912521,0.12673406302928925
85,0.11627747863531113,0.12552008032798767,0.12744903564453125,0.12520037591457367,0.12153644114732742,0.12617728114128113,0.12760955095291138,0.12639327347278595,0.12540648877620697,0.12198802828788757,0.13284465670585632,0.1306920051574707,0.1264042854309082,0.12691500782966614,0.1755659282207489,0.12367288023233414,0.12735839188098907,0.1309870183467865,0.12104836851358414,0.12303998321294785,0.12662208080291748
86,0.11677994579076767,0.12524551153182983,0.12757298350334167,0.12551236152648926,0.11840405315160751,0.12523721158504486,0.128934845328331,0.1269495189189911,0.12760029733181,0.1244683712720871,0.13774555921554565,0.1311858594417572,0.12582406401634216,0.12747079133987427,0.17314593493938446,0.12114910781383514,0.12778852880001068,0.13148215413093567,0.1198856458067894,0.12371423095464706,0.12750142812728882
87,0.12050443142652512,0.12502606213092804,0.13032029569149017,0.12485142797231674,0.12411557883024216,0.12521949410438538,0.12709654867649078,0.12843866646289825,0.1252458691596985,0.12460405379533768,0.13814565539360046,0.1292804330587387,0.12614849209785461,0.13142798840999603,0.17409618198871613,0.12333118915557861,0.1274520307779312,0.13566170632839203,0.12057466059923172,0.12360967695713043,0.12878914177417755
88,0.11725577712059021,0.12567099928855896,0.12928442656993866,0.12508749961853027,0.12280648201704025,0.12534235417842865,0.12690475583076477,0.13068412244319916,0.1277323067188263,0.12333732098340988,0.1355472058057785,0.12846162915229797,0.1255912482738495,0.13057014346122742,0.1675291657447815,0.12192574143409729,0.12583111226558685,0.13457296788692474,0.11918559670448303,0.12273599207401276,0.12606419622898102
89,0.11342158913612366,0.12554924190044403,0.12708891928195953,0.12559379637241364,0.1221059188246727,0.12585948407649994,0.1267172396183014,0.12570148706436157,0.1258886158466339,0.12463615834712982,0.13615858554840088,0.1290062516927719,0.12602418661117554,0.13140831887722015,0.17368951439857483,0.12245628237724304,0.1264324188232422,0.1323695331811905,0.12141630053520203,0.12437623739242554,0.12541627883911133
90,0.11800627410411835,0.12511910498142242,0.12654779851436615,0.12599530816078186,0.1252773106098175,0.12685373425483704,0.13017354905605316,0.12881851196289062,0.12708169221878052,0.1242416650056839,0.13985486328601837,0.1299135386943817,0.12612342834472656,0.12952010333538055,0.1833006590604782,0.12205588072538376,0.12522058188915253,0.1357646882534027,0.12357096374034882,0.12490817904472351,0.12837529182434082
91,0.11423660069704056,0.12530408799648285,0.13071855902671814,0.12590283155441284,0.121701680123806,0.12476766109466553,0.1265142261981964,0.1297995001077652,0.12570439279079437,0.12420417368412018,0.13793230056762695,0.1280907243490219,0.1243242621421814,0.12867051362991333,0.18432603776454926,0.12351097166538239,0.12630312144756317,0.13133348524570465,0.1175975427031517,0.12084682285785675,0.12591388821601868
92,0.11953683942556381,0.12431903928518295,0.12931224703788757,0.12510642409324646,0.1174972802400589,0.12349166721105576,0.12663821876049042,0.12466342002153397,0.12605485320091248,0.12379319965839386,0.13537105917930603,0.12982739508152008,0.12725766003131866,0.131793811917305,0.1875416338443756,0.1216842532157898,0.1275981366634369,0.13616617023944855,0.1229899600148201,0.1242000088095665,0.1280846744775772
93,0.11192715167999268,0.12454553693532944,0.1301625370979309,0.12561511993408203,0.12030234187841415,0.12470997869968414,0.1251211017370224,0.12569467723369598,0.12673208117485046,0.12288220226764679,0.13373340666294098,0.12647362053394318,0.1251724809408188,0.12759892642498016,0.2001367211341858,0.12346547096967697,0.12660837173461914,0.13469238579273224,0.12197697162628174,0.1209859848022461,0.12792959809303284
94,0.11767037957906723,0.1248091459274292,0.1287381500005722,0.12533114850521088,0.12036274373531342,0.12560385465621948,0.1278950423002243,0.13226160407066345,0.1275467872619629,0.12355060130357742,0.13847066462039948,0.1289265751838684,0.12586374580860138,0.12867030501365662,0.18835385143756866,0.12319532036781311,0.12653857469558716,0.13237324357032776,0.12008651345968246,0.12421812117099762,0.1273830085992813
95,0.12054828554391861,0.12243574112653732,0.1294160932302475,0.12607814371585846,0.11763877421617508,0.12396487593650818,0.1254027634859085,0.12595579028129578,0.12677001953125,0.12483270466327667,0.13613532483577728,0.1274210810661316,0.12719491124153137,0.1252363622188568,0.19470004737377167,0.12305732816457748,0.12604142725467682,0.13341498374938965,0.12101545184850693,0.12218070030212402,0.12575975060462952
96,0.12163370847702026,0.12387767434120178,0.13328492641448975,0.12684416770935059,0.11866428703069687,0.12637536227703094,0.12675097584724426,0.12878209352493286,0.12739339470863342,0.12370552867650986,0.1348332315683365,0.12918396294116974,0.12656161189079285,0.12861233949661255,0.18601644039154053,0.1232348307967186,0.12611941993236542,0.13508544862270355,0.1230892539024353,0.12385288625955582,0.1269150823354721
97,0.12110523134469986,0.12449011206626892,0.13198313117027283,0.12578237056732178,0.12060026079416275,0.12456918507814407,0.12524503469467163,0.12972445785999298,0.1269390881061554,0.1234927624464035,0.13483212888240814,0.1282755583524704,0.12577451765537262,0.12891872227191925,0.19447395205497742,0.1224188283085823,0.12713612616062164,0.1311129480600357,0.11935243010520935,0.12422738969326019,0.12701091170310974
98,0.11822187155485153,0.12482801824808121,0.1277214139699936,0.12669482827186584,0.1238691508769989,0.12330504506826401,0.1266954243183136,0.12593252956867218,0.1274312436580658,0.12512734532356262,0.13126038014888763,0.12773177027702332,0.12605224549770355,0.12560291588306427,0.18012529611587524,0.12231845408678055,0.125713512301445,0.13020934164524078,0.12158244848251343,0.12249755859375,0.12826424837112427
99,0.1221499964594841,0.12465596944093704,0.12920935451984406,0.12614919245243073,0.1193869337439537,0.12370644509792328,0.12811081111431122,0.12544958293437958,0.12715861201286316,0.12346364557743073,0.1387903243303299,0.1298634558916092,0.12516282498836517,0.13133327662944794,0.19994314014911652,0.12296351790428162,0.12653838098049164,0.13287818431854248,0.12237752974033356,0.12449929863214493,0.12567369639873505
100,0.12432129681110382,0.1256384700536728,0.1287856101989746,0.12579689919948578,0.12081318348646164,0.12774495780467987,0.12738265097141266,0.1263711154460907,0.1274857521057129,0.12417484819889069,0.133951798081398,0.1313355267047882,0.1258057802915573,0.12815794348716736,0.19553568959236145,0.1238599345088005,0.1255844086408615,0.13032649457454681,0.12032382935285568,0.12326210737228394,0.1274794191122055
101,0.11981914937496185,0.12542389333248138,0.12941016256809235,0.12574082612991333,0.11952190846204758,0.12221711128950119,0.12626977264881134,0.12237642705440521,0.1263273060321808,0.12330535799264908,0.13342319428920746,0.12838132679462433,0.1256752610206604,0.12770885229110718,0.1873273253440857,0.12232854217290878,0.12585186958312988,0.1314174085855484,0.12098941206932068,0.12233483046293259,0.12930582463741302
102,0.1282557100057602,0.12484198063611984,0.12509272992610931,0.12560103833675385,0.12045371532440186,0.12312115728855133,0.1275835633277893,0.12217753380537033,0.12820835411548615,0.12357314676046371,0.13341207802295685,0.12641724944114685,0.12482573837041855,0.1267552226781845,0.18413913249969482,0.12390349805355072,0.12491877377033234,0.13213521242141724,0.1211274191737175,0.12274696677923203,0.12801885604858398
103,0.12021934241056442,0.12387385219335556,0.12982940673828125,0.1264275759458542,0.12018987536430359,0.12389399856328964,0.12753577530384064,0.12718231976032257,0.12838678061962128,0.12407257407903671,0.13080869615077972,0.13002891838550568,0.12480198591947556,0.12228912860155106,0.20871050655841827,0.12385547161102295,0.1257629245519638,0.13417306542396545,0.11994656175374985,0.12498456984758377,0.12849853932857513
104,0.12360578030347824,0.12320999056100845,0.12805843353271484,0.12606145441532135,0.12302733212709427,0.12480150908231735,0.1276850700378418,0.12241727858781815,0.126703679561615,0.12349548190832138,0.13545039296150208,0.13155800104141235,0.12442640215158463,0.1341947764158249,0.20875611901283264,0.12339969724416733,0.12463995814323425,0.13665303587913513,0.12089564651250839,0.12402886152267456,0.12764813005924225
105,0.12397318333387375,0.12515000998973846,0.13255323469638824,0.1263248473405838,0.11412753164768219,0.12193479388952255,0.12751281261444092,0.12373149394989014,0.12691450119018555,0.12344600260257721,0.1358727216720581,0.1318887323141098,0.1254901885986328,0.1358887404203415,0.20461681485176086,0.12477879226207733,0.12637843191623688,0.1331971436738968,0.12116896361112595,0.12219151109457016,0.12988199293613434
106,0.1223897635936737,0.12419082969427109,0.12787266075611115,0.12656012177467346,0.11774803698062897,0.12472797185182571,0.1278141438961029,0.12274821102619171,0.12705111503601074,0.12334273755550385,0.13313892483711243,0.1294023096561432,0.12533435225486755,0.12748689949512482,0.19660139083862305,0.12398382276296616,0.12697553634643555,0.13602860271930695,0.1219923198223114,0.12310418486595154,0.12476380914449692
107,0.11875922977924347,0.12470155209302902,0.1302565485239029,0.12538568675518036,0.12004852294921875,0.1246163547039032,0.12605707347393036,0.1273096352815628,0.12643085420131683,0.1242414265871048,0.13110312819480896,0.13040761649608612,0.1253933608531952,0.13208149373531342,0.19885821640491486,0.12408141791820526,0.12626980245113373,0.13502927124500275,0.12091364711523056,0.1242145225405693,0.12862920761108398
108,0.12183414399623871,0.12448608875274658,0.1315951943397522,0.12563197314739227,0.11971942335367203,0.12406217306852341,0.12719033658504486,0.12697623670101166,0.12729771435260773,0.12376794219017029,0.1319456547498703,0.12876038253307343,0.12439128011465073,0.13067424297332764,0.2215074747800827,0.1245526447892189,0.12605278193950653,0.1307251751422882,0.11997105926275253,0.12454571574926376,0.12687231600284576
109,0.12222351878881454,0.12544198334217072,0.1287965327501297,0.12592153251171112,0.12396587431430817,0.1236497312784195,0.12750695645809174,0.12475321441888809,0.12730559706687927,0.12351346015930176,0.13534840941429138,0.13081103563308716,0.12407497316598892,0.12793050706386566,0.19308488070964813,0.12454084306955338,0.12662577629089355,0.13958130776882172,0.11943640559911728,0.12453307956457138,0.12601841986179352
110,0.1252085119485855,0.1265387386083603,0.12898127734661102,0.12536530196666718,0.12357655167579651,0.12548254430294037,0.12822160124778748,0.1278049498796463,0.13026070594787598,0.12352596968412399,0.1317148357629776,0.12978477776050568,0.12415260821580887,0.13149255514144897,0.1781918853521347,0.12411974370479584,0.12665493786334991,0.13715384900569916,0.11830585449934006,0.1212717592716217,0.12837980687618256
111,0.1266777366399765,0.1227140948176384,0.12802745401859283,0.1259332001209259,0.1126023679971695,0.12657810747623444,0.12750475108623505,0.12732385098934174,0.12621644139289856,0.12391740828752518,0.13441412150859833,0.1304946094751358,0.12388898432254791,0.12879544496536255,0.2276676446199417,0.12328546494245529,0.12776535749435425,0.1332230269908905,0.11991981416940689,0.12546180188655853,0.126565083861351
112,0.12188272178173065,0.1239452064037323,0.12694627046585083,0.125772163271904,0.1175336241722107,0.12464642524719238,0.12778356671333313,0.12278943508863449,0.1260175108909607,0.12395371496677399,0.13246338069438934,0.12909553945064545,0.12306270003318787,0.13353292644023895,0.23562465608119965,0.12445519864559174,0.12754099071025848,0.13244423270225525,0.1209210753440857,0.12437103688716888,0.13020847737789154
113,0.12203799933195114,0.12433329224586487,0.13005605340003967,0.12613609433174133,0.11826849728822708,0.1240062341094017,0.12801556289196014,0.12481649965047836,0.12788023054599762,0.1244049146771431,0.13312722742557526,0.13130927085876465,0.12449201196432114,0.12720951437950134,0.24580802023410797,0.12414305657148361,0.1269964575767517,0.13346748054027557,0.1198170855641365,0.12435393035411835,0.1278129518032074
114,0.12280164659023285,0.12360816448926926,0.1286330223083496,0.125867560505867,0.11238166689872742,0.12478948384523392,0.12753447890281677,0.12223902344703674,0.12904946506023407,0.12370818853378296,0.1313856989145279,0.1289345771074295,0.12434830516576767,0.13200977444648743,0.2609212398529053,0.12368784844875336,0.12898284196853638,0.13064804673194885,0.12062205374240875,0.1250678449869156,0.12925267219543457
115,0.12056923657655716,0.1267862617969513,0.12605145573616028,0.1259513944387436,0.12405043095350266,0.12367899715900421,0.12760649621486664,0.12349017709493637,0.12774258852005005,0.12368098646402359,0.13118337094783783,0.1336919367313385,0.12368442118167877,0.13337992131710052,0.25359490513801575,0.12461837381124496,0.12756817042827606,0.13281141221523285,0.11961876600980759,0.1222657784819603,0.12627138197422028
116,0.12414877861738205,0.12521222233772278,0.126254141330719,0.12651680409908295,0.11683674901723862,0.12473801523447037,0.12808552384376526,0.121607206761837,0.12744487822055817,0.12289995700120926,0.13310423493385315,0.12930265069007874,0.12403718382120132,0.12957587838172913,0.2103995978832245,0.12405136972665787,0.1264113038778305,0.13652095198631287,0.1208183765411377,0.12557768821716309,0.12887486815452576
117,0.12075179815292358,0.12551872432231903,0.12964725494384766,0.12514662742614746,0.11913956701755524,0.12616293132305145,0.1275063157081604,0.12099651247262955,0.1288624107837677,0.12492863088846207,0.13074494898319244,0.12901048362255096,0.12463652342557907,0.13049016892910004,0.25940266251564026,0.12387596070766449,0.1269579827785492,0.13193920254707336,0.11717760562896729,0.12500959634780884,0.1276242583990097
118,0.11877657473087311,0.12455678731203079,0.1254093199968338,0.12634192407131195,0.11417610198259354,0.12403663992881775,0.127720445394516,0.1225057989358902,0.12872426211833954,0.12401451915502548,0.13445451855659485,0.1382073014974594,0.12358718365430832,0.1277739256620407,0.22448788583278656,0.12382490932941437,0.12655766308307648,0.1377945989370346,0.12113463878631592,0.12578053772449493,0.12870390713214874
119,0.12619900703430176,0.12593691051006317,0.12694843113422394,0.12501882016658783,0.11900416016578674,0.12531228363513947,0.12643632292747498,0.11971587687730789,0.12695634365081787,0.1233471930027008,0.1332835555076599,0.13290800154209137,0.12384755909442902,0.13253431022167206,0.22448045015335083,0.12347221374511719,0.12641945481300354,0.13327673077583313,0.11929486691951752,0.12628763914108276,0.12759244441986084
120,0.12470819056034088,0.12390822172164917,0.12511005997657776,0.1260579526424408,0.11869271099567413,0.123959980905056,0.1268836408853531,0.12648165225982666,0.12884517014026642,0.12518037855625153,0.13121692836284637,0.13407205045223236,0.12253434956073761,0.1331796497106552,0.2597569227218628,0.12452759593725204,0.12616370618343353,0.137058824300766,0.11959856003522873,0.12376943975687027,0.1294815093278885
121,0.11812765896320343,0.126268208026886,0.12969213724136353,0.1264442652463913,0.12042313069105148,0.12412412464618683,0.12774544954299927,0.1217297688126564,0.12706586718559265,0.12497483938932419,0.13191838562488556,0.1348228007555008,0.12482190877199173,0.12732341885566711,0.26015231013298035,0.12368222326040268,0.1247653067111969,0.13569501042366028,0.1205875501036644,0.12498177587985992,0.12880320847034454
122,0.12067164480686188,0.1271282136440277,0.1255669891834259,0.12554651498794556,0.11856195330619812,0.12671126425266266,0.12737953662872314,0.1201825961470604,0.12673239409923553,0.1248139962553978,0.13033103942871094,0.13288821280002594,0.12346769124269485,0.12938302755355835,0.2592626214027405,0.12460345029830933,0.12475314736366272,0.13499075174331665,0.11918851733207703,0.1243232786655426,0.12922488152980804
123,0.12063436210155487,0.12420498579740524,0.12830838561058044,0.1257319450378418,0.11830122768878937,0.12419075518846512,0.12754014134407043,0.12954042851924896,0.12868767976760864,0.12535925209522247,0.12911374866962433,0.12911342084407806,0.12292084097862244,0.1309564709663391,0.26575013995170593,0.12438822537660599,0.1267925351858139,0.13916930556297302,0.11883694678544998,0.12373357266187668,0.12845899164676666
124,0.12351429462432861,0.12333444505929947,0.1276872456073761,0.12626990675926208,0.11893966048955917,0.12424885481595993,0.1271519809961319,0.11616621911525726,0.12768900394439697,0.12522223591804504,0.13309574127197266,0.1342768371105194,0.12393756955862045,0.13500015437602997,0.25485438108444214,0.12440378963947296,0.1275550276041031,0.13221469521522522,0.11965391784906387,0.12489873915910721,0.12877967953681946
125,0.12184467166662216,0.1256110966205597,0.12521794438362122,0.12543128430843353,0.11938141286373138,0.12654440104961395,0.12678369879722595,0.12910570204257965,0.12748074531555176,0.12484661489725113,0.1322922557592392,0.13634070754051208,0.12251034379005432,0.1270318478345871,0.2585618197917938,0.12401895970106125,0.12758980691432953,0.13268592953681946,0.12105582654476166,0.12558816373348236,0.1274624913930893
126,0.12224602699279785,0.1251446157693863,0.13015981018543243,0.12549778819084167,0.12206634134054184,0.12403050810098648,0.12755781412124634,0.12106937915086746,0.12724685668945312,0.12454156577587128,0.13488994538784027,0.1325286328792572,0.12387977540493011,0.1300601065158844,0.2423938363790512,0.12251879274845123,0.1258079707622528,0.1319141983985901,0.11987128108739853,0.1253751814365387,0.1296703815460205
127,0.12101992964744568,0.1243615597486496,0.12588024139404297,0.12572678923606873,0.11866340041160583,0.12579509615898132,0.1272057145833969,0.12653566896915436,0.12779554724693298,0.12471020221710205,0.13041061162948608,0.13126195967197418,0.12342151254415512,0.12778696417808533,0.3051527738571167,0.12306417524814606,0.12613557279109955,0.13249018788337708,0.12063559889793396,0.12585312128067017,0.12724265456199646
128,0.12344016134738922,0.1230512410402298,0.12584121525287628,0.1254613995552063,0.11726008355617523,0.12352744489908218,0.12722992897033691,0.11939200013875961,0.12889565527439117,0.12531934678554535,0.1396687775850296,0.1319524496793747,0.1231176033616066,0.1263776272535324,0.2667739689350128,0.12307355552911758,0.12665410339832306,0.13672204315662384,0.11956479400396347,0.12543530762195587,0.12775418162345886
129,0.12633979320526123,0.12593534588813782,0.1273454874753952,0.1249731034040451,0.12154054641723633,0.12749110162258148,0.12916779518127441,0.11852368712425232,0.12560304999351501,0.12284409999847412,0.1312909722328186,0.13229615986347198,0.12435094267129898,0.1343575119972229,0.2685806453227997,0.12409964948892593,0.12629522383213043,0.13133038580417633,0.1208069771528244,0.12598839402198792,0.12490648031234741
130,0.12407273054122925,0.12551425397396088,0.12405180931091309,0.12673193216323853,0.12207693606615067,0.12489249557256699,0.12767498195171356,0.12493710964918137,0.12795090675354004,0.12416595220565796,0.1352292001247406,0.13149526715278625,0.12238895893096924,0.12963125109672546,0.28377243876457214,0.1243324726819992,0.12568579614162445,0.13095153868198395,0.12014903128147125,0.12633942067623138,0.13055890798568726
131,0.12388186901807785,0.1231740191578865,0.12905213236808777,0.12587867677211761,0.12181095778942108,0.12594550848007202,0.12680670619010925,0.12178092449903488,0.12702994048595428,0.12394005805253983,0.13452328741550446,0.13454732298851013,0.12060917913913727,0.13107405602931976,0.27042171359062195,0.12287463992834091,0.12764224410057068,0.1285787969827652,0.11905305832624435,0.1257302314043045,0.12871645390987396
132,0.12187544256448746,0.12456584721803665,0.12737338244915009,0.12559285759925842,0.12389908730983734,0.12551617622375488,0.12758509814739227,0.12937955558300018,0.12754926085472107,0.12355293333530426,0.13174258172512054,0.1350903958082199,0.12356115132570267,0.13347704708576202,0.2841857373714447,0.12274452298879623,0.12719868123531342,0.13358084857463837,0.12172554433345795,0.1248006597161293,0.13138242065906525
133,0.12342191487550735,0.12439756095409393,0.12658555805683136,0.12574778497219086,0.12105855345726013,0.12532302737236023,0.12620550394058228,0.1252625584602356,0.1263517141342163,0.12391581386327744,0.13310357928276062,0.13432325422763824,0.12083665281534195,0.12652041018009186,0.29706498980522156,0.12355124950408936,0.12642380595207214,0.13079413771629333,0.11944994330406189,0.12370189279317856,0.12925244867801666
134,0.12412171810865402,0.12411478906869888,0.1277274340391159,0.12602201104164124,0.11905574798583984,0.12587961554527283,0.13110339641571045,0.12199164181947708,0.12643781304359436,0.12404949218034744,0.12802347540855408,0.12760598957538605,0.12131353467702866,0.12759067118167877,0.26981085538864136,0.12326589226722717,0.12718982994556427,0.13388404250144958,0.1193883866071701,0.12598003447055817,0.13047198951244354
135,0.1256450116634369,0.12474710494279861,0.12577413022518158,0.12455130368471146,0.11745364964008331,0.12631478905677795,0.12974882125854492,0.12481209635734558,0.1287149339914322,0.12498380243778229,0.13576310873031616,0.1276603788137436,0.12411346286535263,0.12643669545650482,0.25378021597862244,0.12303594499826431,0.1276862919330597,0.13012069463729858,0.11928992718458176,0.124098040163517,0.12994393706321716
136,0.1246703490614891,0.12408822774887085,0.12749797105789185,0.12582166492938995,0.11899370700120926,0.12448155134916306,0.1278163641691208,0.12204719334840775,0.1273859590291977,0.12389255315065384,0.13008810579776764,0.12811176478862762,0.12250902503728867,0.13281334936618805,0.276548832654953,0.12335922569036484,0.12620022892951965,0.1334109753370285,0.11780175566673279,0.12535445392131805,0.1281030923128128
137,0.12791816890239716,0.12567450106143951,0.12769469618797302,0.1265014111995697,0.12053582072257996,0.12444344162940979,0.12770600616931915,0.12627896666526794,0.12882211804389954,0.12378363311290741,0.13131672143936157,0.1349884271621704,0.1218329593539238,0.13238173723220825,0.22681596875190735,0.12365376949310303,0.12644052505493164,0.13174806535243988,0.12025358527898788,0.12343256920576096,0.1292518824338913
138,0.12448712438344955,0.12492212653160095,0.12901650369167328,0.12490379810333252,0.12222177535295486,0.12288965284824371,0.12890522181987762,0.12286268919706345,0.12734316289424896,0.12350931018590927,0.13484130799770355,0.1277886927127838,0.1236402615904808,0.12693290412425995,0.31937476992607117,0.12367112934589386,0.127230703830719,0.13255572319030762,0.12085305899381638,0.1281168907880783,0.12987391650676727
139,0.12389276921749115,0.12388772517442703,0.13005566596984863,0.12476370483636856,0.1195010244846344,0.12221577018499374,0.13033752143383026,0.12320021539926529,0.12720587849617004,0.12401895970106125,0.12966804206371307,0.13379202783107758,0.12228769063949585,0.12713655829429626,0.266630083322525,0.12366347759962082,0.12636756896972656,0.13260354101657867,0.11988378316164017,0.12408404052257538,0.12949354946613312
140,0.12418997287750244,0.12408546358346939,0.12702538073062897,0.1262461543083191,0.12127239257097244,0.12374524027109146,0.13103654980659485,0.12376851588487625,0.12842820584774017,0.1247543916106224,0.12970687448978424,0.13324756920337677,0.12352095544338226,0.12840692698955536,0.23838140070438385,0.1230955496430397,0.1275128424167633,0.1309845894575119,0.1217181533575058,0.12370232492685318,0.12891320884227753
141,0.12601427733898163,0.1242017075419426,0.12672600150108337,0.12572939693927765,0.1211126297712326,0.12447934597730637,0.13166335225105286,0.1284317821264267,0.1275033950805664,0.12483631074428558,0.12905065715312958,0.1309954822063446,0.12290338426828384,0.13063232600688934,0.2758525311946869,0.12466456741094589,0.1269347369670868,0.13236655294895172,0.120381660759449,0.12631909549236298,0.13048185408115387
142,0.12369394302368164,0.1257655918598175,0.12304623425006866,0.12591616809368134,0.11967917531728745,0.12407892197370529,0.13034804165363312,0.12341473251581192,0.12650585174560547,0.12533317506313324,0.1303892433643341,0.13291257619857788,0.12335073202848434,0.12546533346176147,0.28808310627937317,0.12345673888921738,0.12547574937343597,0.1334916204214096,0.12038359045982361,0.12563592195510864,0.12771302461624146
143,0.12386461347341537,0.12511998414993286,0.12639661133289337,0.12562279403209686,0.12249220907688141,0.12465202063322067,0.12860430777072906,0.12972326576709747,0.12737992405891418,0.1244368702173233,0.13074268400669098,0.13040563464164734,0.1220875158905983,0.1302986890077591,0.25473111867904663,0.12428116798400879,0.12599121034145355,0.13281412422657013,0.12277952581644058,0.1259840577840805,0.12870658934116364
144,0.12686242163181305,0.12437638640403748,0.12716838717460632,0.12576833367347717,0.12196814268827438,0.12524057924747467,0.12772126495838165,0.12421326339244843,0.12832467257976532,0.12380131334066391,0.13091731071472168,0.13038206100463867,0.12501393258571625,0.1287825107574463,0.2696240246295929,0.1240793764591217,0.12660430371761322,0.13359028100967407,0.12076181173324585,0.12536287307739258,0.12882007658481598
145,0.12373480200767517,0.12410703301429749,0.12629123032093048,0.12545937299728394,0.11892510950565338,0.1227373257279396,0.1285906881093979,0.12389057129621506,0.12788966298103333,0.12324300408363342,0.1329193115234375,0.12701016664505005,0.1251230239868164,0.12706702947616577,0.2722320258617401,0.12377187609672546,0.12508657574653625,0.12905851006507874,0.11934304982423782,0.12366531044244766,0.1279977709054947
146,0.1250816434621811,0.12382163852453232,0.1239866241812706,0.12549233436584473,0.11642231792211533,0.12423087656497955,0.12871073186397552,0.12808066606521606,0.12676888704299927,0.1254115104675293,0.13424931466579437,0.12868954241275787,0.12265357375144958,0.12947486340999603,0.26438677310943604,0.12263891100883484,0.12871718406677246,0.13008791208267212,0.11909552663564682,0.12469647824764252,0.12822188436985016
147,0.1263965517282486,0.12440624088048935,0.12518978118896484,0.12574614584445953,0.1171967163681984,0.12407740950584412,0.12873588502407074,0.1282959133386612,0.12757478654384613,0.12385336309671402,0.13051939010620117,0.1258397400379181,0.12379752099514008,0.1296088993549347,0.26797351241111755,0.12322099506855011,0.12725961208343506,0.13569030165672302,0.11829745769500732,0.1250065714120865,0.1291143298149109
148,0.12314989417791367,0.12519428133964539,0.12526436150074005,0.1250288039445877,0.12082868069410324,0.12489482760429382,0.12861745059490204,0.12374630570411682,0.12488675862550735,0.12395691871643066,0.13343864679336548,0.1278485804796219,0.12423356622457504,0.12838459014892578,0.25316357612609863,0.1238975003361702,0.12737306952476501,0.13455286622047424,0.1216229498386383,0.12449686974287033,0.13020530343055725
149,0.1233968511223793,0.12569351494312286,0.1224021315574646,0.1249455064535141,0.11983668804168701,0.12289904057979584,0.12954026460647583,0.1224769651889801,0.1292143166065216,0.12380649894475937,0.13159538805484772,0.13079728186130524,0.12441207468509674,0.13246507942676544,0.297168493270874,0.12351550161838531,0.1278836727142334,0.1331246793270111,0.11801502853631973,0.12501832842826843,0.1304265260696411
150,0.12377628684043884,0.12453895062208176,0.1253671646118164,0.12568679451942444,0.1219870001077652,0.1243104636669159,0.1276734322309494,0.12421728670597076,0.1289147585630417,0.12488077580928802,0.12778589129447937,0.12897199392318726,0.12466397136449814,0.12526242434978485,0.2334274798631668,0.12445409595966339,0.12786176800727844,0.13280606269836426,0.11595724523067474,0.12413094937801361,0.12973643839359283
151,0.1232905164361,0.12328265607357025,0.12896417081356049,0.1250612735748291,0.1239607185125351,0.12417779862880707,0.13084490597248077,0.12825500965118408,0.12894578278064728,0.12440507858991623,0.13106882572174072,0.13022275269031525,0.12425672262907028,0.13494136929512024,0.2647295296192169,0.12298013269901276,0.12614376842975616,0.13359954953193665,0.11861218512058258,0.12426111102104187,0.12990236282348633
152,0.12343268096446991,0.12583932280540466,0.126105397939682,0.12521830201148987,0.11797477304935455,0.12334392219781876,0.12717247009277344,0.1252821981906891,0.12727029621601105,0.12605875730514526,0.13186801970005035,0.13211144506931305,0.12379902601242065,0.12743978202342987,0.2137235403060913,0.12407181411981583,0.12710866332054138,0.1353089064359665,0.12288311868906021,0.12424596399068832,0.1268334537744522
153,0.12453807890415192,0.12580318748950958,0.12870341539382935,0.12520965933799744,0.12116889655590057,0.1244979053735733,0.12798580527305603,0.12323316186666489,0.12915471196174622,0.12469804286956787,0.13234443962574005,0.13162975013256073,0.12466302514076233,0.13179124891757965,0.22977443039417267,0.12369249016046524,0.12779800593852997,0.13382254540920258,0.11897747963666916,0.12499117851257324,0.1305052787065506
154,0.12594003975391388,0.12323824316263199,0.12568868696689606,0.1259530484676361,0.12003341317176819,0.12373927980661392,0.12820933759212494,0.12607000768184662,0.12708739936351776,0.1257786601781845,0.1314498335123062,0.13056199252605438,0.12300663441419601,0.1280335634946823,0.22261908650398254,0.12349042296409607,0.12608419358730316,0.13365153968334198,0.12196436524391174,0.12504063546657562,0.13054175674915314
155,0.1258585900068283,0.12407321482896805,0.12469744682312012,0.1256415992975235,0.11972234398126602,0.1260722279548645,0.1294451206922531,0.12572473287582397,0.12734374403953552,0.12484628707170486,0.13506779074668884,0.13042888045310974,0.12333987653255463,0.12899987399578094,0.2279389351606369,0.12312650680541992,0.12709864974021912,0.1347273290157318,0.12276250869035721,0.12256360054016113,0.13266581296920776
156,0.12536749243736267,0.12441800534725189,0.12226223945617676,0.12517358362674713,0.11820939928293228,0.12484803795814514,0.12807178497314453,0.12783348560333252,0.13047930598258972,0.1254715919494629,0.13367433845996857,0.13211902976036072,0.12624835968017578,0.13100741803646088,0.21091359853744507,0.1227172240614891,0.1262815147638321,0.1306201070547104,0.11645779013633728,0.12301642447710037,0.13280649483203888
157,0.12512288987636566,0.12447278946638107,0.12659110128879547,0.12561558187007904,0.12017671018838882,0.12574690580368042,0.1274593472480774,0.12399866431951523,0.12805011868476868,0.1247153952717781,0.1345861554145813,0.13300704956054688,0.12417426705360413,0.12917940318584442,0.22096110880374908,0.12238388508558273,0.12811234593391418,0.13352693617343903,0.12179531902074814,0.12303420901298523,0.12947289645671844
158,0.12403148412704468,0.12330073118209839,0.12871645390987396,0.1256943643093109,0.12407931685447693,0.1254253089427948,0.12717969715595245,0.12405045330524445,0.12776651978492737,0.12495944648981094,0.14069154858589172,0.1322515308856964,0.12319806963205338,0.13297758996486664,0.26430726051330566,0.12443189322948456,0.12746742367744446,0.13298973441123962,0.12041694670915604,0.12501122057437897,0.13141177594661713
159,0.12575151026248932,0.12584072351455688,0.12611909210681915,0.12584447860717773,0.12371813505887985,0.12434625625610352,0.1263512223958969,0.12565511465072632,0.12695911526679993,0.12408021837472916,0.1335022896528244,0.13119803369045258,0.12502294778823853,0.1291942149400711,0.21395373344421387,0.1234622448682785,0.12642355263233185,0.1356922835111618,0.12084781378507614,0.12422393262386322,0.13453097641468048
160,0.12530161440372467,0.12346892803907394,0.12721118330955505,0.1251264214515686,0.12232158333063126,0.12452331185340881,0.12746022641658783,0.12866902351379395,0.1274227797985077,0.12470146268606186,0.13269685208797455,0.13269954919815063,0.12333662062883377,0.1295776665210724,0.218997061252594,0.12326707690954208,0.1266375482082367,0.13594268262386322,0.11771183460950851,0.12449198216199875,0.1305919587612152
161,0.12390036135911942,0.1249040961265564,0.1274191290140152,0.12673330307006836,0.1209450215101242,0.12367556244134903,0.1277560293674469,0.1221875324845314,0.12829667329788208,0.1251564770936966,0.13244284689426422,0.1317232847213745,0.12298984080553055,0.12698084115982056,0.21003293991088867,0.12408945709466934,0.12653280794620514,0.13823837041854858,0.12114100158214569,0.12146200239658356,0.1318807750940323
162,0.12236300110816956,0.12539464235305786,0.1253044158220291,0.1252359002828598,0.12148848176002502,0.12473438680171967,0.12991197407245636,0.1282707005739212,0.12790092825889587,0.1244022324681282,0.13444045186042786,0.13026101887226105,0.1232980489730835,0.1298961341381073,0.21573986113071442,0.12348506599664688,0.12669381499290466,0.1373460590839386,0.12113609164953232,0.12513680756092072,0.13285700976848602
163,0.12187036126852036,0.1257137805223465,0.12320445477962494,0.12545742094516754,0.11797023564577103,0.12464838474988937,0.12657584249973297,0.12342385202646255,0.13015389442443848,0.1238287165760994,0.13424481451511383,0.13062997162342072,0.12390127032995224,0.1259302943944931,0.23952998220920563,0.12335482984781265,0.12812963128089905,0.1353343278169632,0.11462525278329849,0.12732656300067902,0.13033127784729004
164,0.12360591441392899,0.12580181658267975,0.1250753402709961,0.12604716420173645,0.11372494697570801,0.12389738112688065,0.12731695175170898,0.12831765413284302,0.12822777032852173,0.124117411673069,0.12686224281787872,0.12953804433345795,0.12422378361225128,0.12615251541137695,0.2244483083486557,0.12392760813236237,0.12806415557861328,0.13916456699371338,0.11843840032815933,0.12372143566608429,0.12850163877010345
165,0.12358062714338303,0.12476237118244171,0.12490388751029968,0.12531451880931854,0.1158551573753357,0.12374228984117508,0.12714926898479462,0.12674051523208618,0.12748678028583527,0.1246572956442833,0.13408111035823822,0.1292654126882553,0.12348425388336182,0.12716291844844818,0.21423061192035675,0.12306264787912369,0.12641282379627228,0.13490687310695648,0.11716539412736893,0.12490036338567734,0.1283705085515976
166,0.12452491372823715,0.1255372166633606,0.12651090323925018,0.1255471259355545,0.11082996428012848,0.12576699256896973,0.12473072111606598,0.1266161948442459,0.12842129170894623,0.12329808622598648,0.13472110033035278,0.12876421213150024,0.12506234645843506,0.1308964192867279,0.24830150604248047,0.1230657547712326,0.1290050446987152,0.13655616343021393,0.12252166122198105,0.12494214624166489,0.13120241463184357
167,0.12408343702554703,0.1226501539349556,0.12510398030281067,0.125779390335083,0.11747312545776367,0.12468431890010834,0.12749969959259033,0.12654034793376923,0.12689177691936493,0.1242256909608841,0.1336333006620407,0.12975986301898956,0.12502241134643555,0.12567736208438873,0.2392432689666748,0.1249176487326622,0.1279953271150589,0.1379024237394333,0.1172492578625679,0.1262863576412201,0.13264434039592743
168,0.12334226071834564,0.12414300441741943,0.12485433369874954,0.12568283081054688,0.1201668232679367,0.12322178483009338,0.12639935314655304,0.12650606036186218,0.12685903906822205,0.12474776804447174,0.1298084557056427,0.13195565342903137,0.1252463161945343,0.12715323269367218,0.22679945826530457,0.1239570677280426,0.12744830548763275,0.13957703113555908,0.11880266666412354,0.12406349927186966,0.13352598249912262
169,0.12135311961174011,0.12481772154569626,0.12250461429357529,0.12485048174858093,0.1143597885966301,0.12397617101669312,0.1250612735748291,0.12397641688585281,0.127199187874794,0.12405557185411453,0.13427627086639404,0.1285015493631363,0.12484043091535568,0.12661021947860718,0.22352364659309387,0.12327119708061218,0.12631279230117798,0.1389310210943222,0.12008502334356308,0.12558434903621674,0.13083431124687195
170,0.1241711974143982,0.12642909586429596,0.12258896231651306,0.12604273855686188,0.11727036535739899,0.12126098573207855,0.12674111127853394,0.12085428088903427,0.12776629626750946,0.1246095821261406,0.13620802760124207,0.12501762807369232,0.12502941489219666,0.12604501843452454,0.2137855440378189,0.124139703810215,0.12710127234458923,0.13904646039009094,0.11961424350738525,0.1249140202999115,0.12766942381858826
171,0.12409830838441849,0.1260107159614563,0.12301497161388397,0.12427385151386261,0.11875558644533157,0.12381932139396667,0.12594729661941528,0.12431306391954422,0.1273173689842224,0.123216412961483,0.13101351261138916,0.13056176900863647,0.12504726648330688,0.12757620215415955,0.20409199595451355,0.12309183180332184,0.12685102224349976,0.13013991713523865,0.11816717684268951,0.1267206370830536,0.1326613426208496
172,0.12501098215579987,0.12364637851715088,0.12217740714550018,0.12520335614681244,0.1091473177075386,0.12112585455179214,0.12595367431640625,0.12717795372009277,0.12753523886203766,0.12527520954608917,0.13128912448883057,0.1288207620382309,0.12342507392168045,0.1291864514350891,0.21972918510437012,0.1245754137635231,0.12739428877830505,0.14373745024204254,0.12112400680780411,0.12412293255329132,0.1302274614572525
173,0.12528876960277557,0.12541167438030243,0.130410298705101,0.1252135932445526,0.11368957161903381,0.1225651428103447,0.12745165824890137,0.12853209674358368,0.12731827795505524,0.12483890354633331,0.13493429124355316,0.1305183470249176,0.12392708659172058,0.12939850986003876,0.21166835725307465,0.12223349511623383,0.1277509331703186,0.1386367231607437,0.11784370988607407,0.12569794058799744,0.1312452256679535
174,0.12441617995500565,0.12498913705348969,0.1284858137369156,0.1251777559518814,0.12191398441791534,0.12370951473712921,0.12762849032878876,0.1230231523513794,0.12769314646720886,0.12402030825614929,0.13612593710422516,0.1331820785999298,0.12385936826467514,0.13035205006599426,0.20303620398044586,0.12282995879650116,0.12672020494937897,0.13821925222873688,0.11806318908929825,0.12667202949523926,0.13012059032917023
175,0.12141378968954086,0.12519997358322144,0.1330207735300064,0.1250327229499817,0.11465299129486084,0.12418359518051147,0.12883250415325165,0.12913407385349274,0.12831741571426392,0.12424809485673904,0.13504837453365326,0.13088110089302063,0.1246870905160904,0.13164857029914856,0.20141762495040894,0.12324510514736176,0.12501460313796997,0.13734130561351776,0.11980097740888596,0.12396309524774551,0.13029751181602478
176,0.1247488409280777,0.12501160800457,0.11878542602062225,0.1254287213087082,0.11909063905477524,0.12213710695505142,0.12866586446762085,0.124403215944767,0.12706585228443146,0.12492068856954575,0.13745859265327454,0.130867138504982,0.12446357309818268,0.12209133803844452,0.21036891639232635,0.12336432933807373,0.12672209739685059,0.1459909826517105,0.11609084159135818,0.12363473325967789,0.1299109309911728
177,0.12417858093976974,0.1266048550605774,0.11750957369804382,0.12509356439113617,0.11761466413736343,0.12483859062194824,0.12806721031665802,0.12338045984506607,0.1277695745229721,0.12465659528970718,0.1321185976266861,0.1267615407705307,0.12419453263282776,0.12803512811660767,0.2042720764875412,0.12382780760526657,0.12634868919849396,0.13982528448104858,0.11985684186220169,0.1261041760444641,0.12858764827251434
178,0.12324339896440506,0.12572313845157623,0.12230159342288971,0.12573565542697906,0.11978549510240555,0.12425842136144638,0.12883935868740082,0.1253199577331543,0.12731251120567322,0.12420754134654999,0.13330194354057312,0.12873882055282593,0.12403373420238495,0.12736275792121887,0.19305408000946045,0.12355504930019379,0.12735360860824585,0.13621139526367188,0.11901206523180008,0.12400946021080017,0.12906134128570557
179,0.12276531755924225,0.12498170882463455,0.11371808499097824,0.12504872679710388,0.11346327513456345,0.12403777986764908,0.12654919922351837,0.1253930777311325,0.12973923981189728,0.12437406927347183,0.13474705815315247,0.13176678121089935,0.12579692900180817,0.13002721965312958,0.2146041840314865,0.12412886321544647,0.1277114599943161,0.1401597261428833,0.11763674765825272,0.12657690048217773,0.13112162053585052
180,0.1255628913640976,0.1260266751050949,0.1254023313522339,0.12588386237621307,0.12501396238803864,0.12358880043029785,0.12733130156993866,0.12481147795915604,0.12714783847332,0.1240796148777008,0.13094690442085266,0.13079257309436798,0.12490160763263702,0.12627959251403809,0.20693174004554749,0.12295852601528168,0.12754717469215393,0.13842175900936127,0.12051866203546524,0.1256251335144043,0.12928266823291779
181,0.12201278656721115,0.12313508987426758,0.1204691007733345,0.12516729533672333,0.12061888724565506,0.12284691631793976,0.12848076224327087,0.12292376905679703,0.12806253135204315,0.12390607595443726,0.13027995824813843,0.12807597219944,0.12497974932193756,0.12915681302547455,0.24264220893383026,0.12368316203355789,0.12782542407512665,0.13841885328292847,0.11496492475271225,0.12387140095233917,0.13322409987449646
182,0.12543681263923645,0.12634839117527008,0.11806806176900864,0.1256270557641983,0.11606841534376144,0.12420444935560226,0.12574134767055511,0.12514911592006683,0.12965640425682068,0.12357518076896667,0.1335320621728897,0.1270933300256729,0.12383224815130234,0.1285184621810913,0.21555307507514954,0.1239231675863266,0.12653346359729767,0.13304708898067474,0.11923208087682724,0.12534722685813904,0.13043835759162903
183,0.12536539137363434,0.1243862509727478,0.13257406651973724,0.12595322728157043,0.1185946837067604,0.12452884763479233,0.12636254727840424,0.12065867334604263,0.12635725736618042,0.12525227665901184,0.13236208260059357,0.12992334365844727,0.12462657690048218,0.12786443531513214,0.2159506231546402,0.12351168692111969,0.12924200296401978,0.1398412138223648,0.11863332241773605,0.12389892339706421,0.12748698890209198
184,0.1296192854642868,0.12387116253376007,0.12930560111999512,0.12597617506980896,0.12273301929235458,0.12678056955337524,0.12710870802402496,0.12387394905090332,0.1287057250738144,0.12387057393789291,0.12921839952468872,0.13002218306064606,0.12527845799922943,0.1288911998271942,0.2056615948677063,0.12316153198480606,0.12642113864421844,0.13656745851039886,0.12206968665122986,0.12409630417823792,0.12634311616420746
185,0.12529127299785614,0.12591509521007538,0.12751206755638123,0.12608100473880768,0.11798114329576492,0.12772728502750397,0.12862470746040344,0.1253088116645813,0.12796972692012787,0.12358005344867706,0.12874402105808258,0.12916959822177887,0.12485280632972717,0.12893594801425934,0.24509018659591675,0.12303122133016586,0.1280045211315155,0.14409278333187103,0.12057897448539734,0.12427112460136414,0.13119153678417206
186,0.12575002014636993,0.1262090504169464,0.12003082782030106,0.12491592764854431,0.11677185446023941,0.12532883882522583,0.12673315405845642,0.12197402864694595,0.12895046174526215,0.12329348176717758,0.134956493973732,0.13023877143859863,0.12418629974126816,0.12763725221157074,0.20728927850723267,0.12372437864542007,0.1290435791015625,0.14261457324028015,0.11354406177997589,0.12343188375234604,0.13121795654296875
187,0.1249188557267189,0.12489080429077148,0.1219312995672226,0.12567593157291412,0.11282666027545929,0.12382776290178299,0.1269817352294922,0.12452136725187302,0.12851667404174805,0.12383699417114258,0.13096463680267334,0.12846580147743225,0.12544044852256775,0.12783029675483704,0.17502520978450775,0.12340128421783447,0.12688228487968445,0.13875840604305267,0.11603238433599472,0.12667235732078552,0.12965555489063263
188,0.12754808366298676,0.12390130013227463,0.12775543332099915,0.12511076033115387,0.11541847139596939,0.12525606155395508,0.12782222032546997,0.12226647138595581,0.12822692096233368,0.12416854500770569,0.12969204783439636,0.12553396821022034,0.12331809848546982,0.12756848335266113,0.18994925916194916,0.12466565519571304,0.1293674260377884,0.15020304918289185,0.11786084622144699,0.12493905425071716,0.12900178134441376
189,0.12566561996936798,0.12555503845214844,0.1196732223033905,0.12529373168945312,0.11359062045812607,0.12469592690467834,0.12720021605491638,0.12264908850193024,0.12734512984752655,0.124269500374794,0.13098081946372986,0.12881973385810852,0.12476575374603271,0.12869691848754883,0.1866779327392578,0.12306466698646545,0.1286456286907196,0.14628010988235474,0.12026450783014297,0.12392780929803848,0.12947998940944672
190,0.1255972981452942,0.12514561414718628,0.1254958063364029,0.12587256729602814,0.1267397701740265,0.12371060997247696,0.12688806653022766,0.12276911735534668,0.12803985178470612,0.12478252500295639,0.13353008031845093,0.13005754351615906,0.12492793053388596,0.12515896558761597,0.19531531631946564,0.12309139221906662,0.12707854807376862,0.14609400928020477,0.11846761405467987,0.12568457424640656,0.12808142602443695
191,0.12672460079193115,0.12549923360347748,0.12142463773488998,0.12606357038021088,0.11786050349473953,0.1250927448272705,0.12590306997299194,0.12284495681524277,0.12850041687488556,0.12360382080078125,0.13118037581443787,0.12833236157894135,0.12496758997440338,0.1284625381231308,0.19202321767807007,0.12434756755828857,0.127553328871727,0.13858634233474731,0.11602406948804855,0.12332416325807571,0.12754815816879272
192,0.1281164139509201,0.12592855095863342,0.11862993985414505,0.125783771276474,0.11371905356645584,0.12682050466537476,0.1271972358226776,0.12873592972755432,0.1287003606557846,0.12307464331388474,0.1307387351989746,0.13252772390842438,0.12341129779815674,0.12537574768066406,0.2039756327867508,0.12348710745573044,0.12969870865345,0.13721947371959686,0.11964976787567139,0.12305982410907745,0.13040249049663544
193,0.1271679699420929,0.12423977255821228,0.12820161879062653,0.12523667514324188,0.11741692572832108,0.12429269403219223,0.1266680359840393,0.124797023832798,0.12863430380821228,0.12302958965301514,0.13006995618343353,0.13273930549621582,0.12361149489879608,0.1300319880247116,0.19477516412734985,0.12430083006620407,0.12961170077323914,0.14557699859142303,0.12079918384552002,0.12203850597143173,0.12970907986164093
194,0.12710152566432953,0.12491759657859802,0.12049555778503418,0.1254013180732727,0.12093207240104675,0.12642508745193481,0.12694451212882996,0.1262599527835846,0.12759357690811157,0.12385048717260361,0.13116343319416046,0.130581334233284,0.12483598291873932,0.129783496260643,0.19114460051059723,0.12333457916975021,0.12901641428470612,0.13779135048389435,0.117998406291008,0.12455648183822632,0.12628062069416046
195,0.12798774242401123,0.12432154268026352,0.12177236378192902,0.12513460218906403,0.11882670968770981,0.1261509656906128,0.12860827147960663,0.12212157249450684,0.1273535043001175,0.12329010665416718,0.13165700435638428,0.13484248518943787,0.12400027364492416,0.13309477269649506,0.212057426571846,0.12418492138385773,0.12940435111522675,0.1434493213891983,0.11509671062231064,0.12393710762262344,0.1284857541322708
196,0.12699159979820251,0.12462590634822845,0.1251606047153473,0.12598705291748047,0.11881875991821289,0.12518057227134705,0.12461475282907486,0.12683068215847015,0.1280372440814972,0.12394540756940842,0.13032254576683044,0.1323758363723755,0.12410913407802582,0.1261458545923233,0.20459435880184174,0.12291067838668823,0.1270902454853058,0.14471322298049927,0.12051660567522049,0.12539707124233246,0.12817248702049255
197,0.12951888144016266,0.1255084127187729,0.1272897869348526,0.12591658532619476,0.11115679144859314,0.12368591874837875,0.12689311802387238,0.12780046463012695,0.1294684261083603,0.12304382026195526,0.1328658014535904,0.13321195542812347,0.1258973926305771,0.12691421806812286,0.19067703187465668,0.12392746657133102,0.12953686714172363,0.150366872549057,0.11732365936040878,0.1235494464635849,0.12831510603427887
198,0.12776629626750946,0.12564776837825775,0.1216621920466423,0.12601667642593384,0.11339378356933594,0.1269538402557373,0.12654408812522888,0.12787793576717377,0.12811920046806335,0.12440735846757889,0.12699855864048004,0.1363683044910431,0.12403243780136108,0.12882567942142487,0.1844574362039566,0.12396959960460663,0.13036827743053436,0.1455945074558258,0.11762246489524841,0.12438544631004333,0.12879586219787598
199,0.1278846710920334,0.1248689517378807,0.11921826750040054,0.1259462833404541,0.12080591171979904,0.12586623430252075,0.12568658590316772,0.12315496057271957,0.12866558134555817,0.12349820137023926,0.13144300878047943,0.13501378893852234,0.12394978851079941,0.12738989293575287,0.18626467883586884,0.12499044835567474,0.12704333662986755,0.15380306541919708,0.11433722078800201,0.12410291284322739,0.13013988733291626
200,0.12764066457748413,0.125578373670578,0.12159658223390579,0.12505482137203217,0.11826594918966293,0.12483253329992294,0.12680575251579285,0.1270337700843811,0.12848925590515137,0.12340396642684937,0.1346253752708435,0.1322411745786667,0.12393797934055328,0.1269804984331131,0.20547212660312653,0.12332195788621902,0.127660870552063,0.1506432145833969,0.11856380105018616,0.12511982023715973,0.12800680100917816
